49257049560384,NEW
10191153930002720250812113349,NEW
10191153930012820250816031829,NEW
59406524093086,NEW
10191153930014320250816123847,NEW
10191153940006120250816031637,NEW
10191153940003920250815101217,NEW
10191153930017220250819020638,NEW
10191153940012220250819043600,NEW
10191153940020220250823065358,NEW
10191153930010720250815124733,NEW
10191153930024320250822074816,NEW
28014865013548,NEW
10191153940004220250815112455,NEW
10191153930002320250812091612,NEW
10191153940004520250815121320,NEW
10191153930010620250815122425,NEW
29350649215380,NEW
10191153930010520250815114358,NEW
10191153940023220250824062331,NEW
10191153940019020250822094607,NEW
10191153940004020250815103433,NEW
10191153940015620250820090913,NEW
74193053149034,NEW
10191153940018920250822092413,NEW
58461904972549,NEW
10191153940012820250819082740,NEW
10191153940012620250819070906,NEW
10191153940015420250820073824,NEW
10191153930022420250822010214,NEW
10191153940004120250815105833,NEW
38410451835634,NEW
21527927036476,NEW
10191153930002220250812080316,NEW
29820926396178,NEW
10191153930018920250819073559,NEW
10191153940011120250818073419,NEW
10191153940018720250822090425,NEW
10191153930024420250822082634,NEW
10191153930022620250822015444,NEW
10191153940018620250822083922,NEW
10191153940013020250819092528,NEW
26587253126137,NEW
10191153940002920250812130415,NEW
32489046246831,NEW
10191153940019120250822100350,NEW
10191153930017720250819031515,NEW
27953670482762,NEW
37913250963813,NEW
10191153930019020250819082621,NEW
39804278364829,RENEWAL