50867260293142,LOST
10152154010209220260629110819,LOST
10114114700789720251218093837,RENEWAL
10058116700477320251213073004,RENEWAL
10124140020420420251104112328,NEW
10035136250431620251024102623,UPDATE
10006127130476420251020114232,NEW
10130134280526720251015104047,UPDATE
10088124400182420251006090023,UPDATE
10008145000577720251003074228,LOST
10077115960387320251003113143,RENEWAL
10035136250371220251002063406,UPDATE
10113116010218420250926113612,UPDATE
10009104760324120250926092503,RENEWAL
10017120390260320250918150020,RENEWAL
10075136560249520250917101842,UPDATE
10152100980295420250915122651,UPDATE
10102130420538720250911115709,NEW
10052126370324920250905103311,UPDATE
10113116010186020250829132327,UPDATE
10047130140149720250821094627,UPDATE
10114114700298220250827125743,UPDATE
10026131650281720250808112659,UPDATE
10144113410247820250801132929,RENEWAL
10035136250174220250729133129,UPDATE
10119104020194020250728085311,UPDATE
10103143500149520250728085529,UPDATE
10103144360277920250728104428,NEW
10134100300216620250723111706,UPDATE
10073104010167520250722105140,UPDATE
10109105600342120250717080334,RENEWAL
10057150870157420250715114747,RENEWAL
10106102520231620250709074806,RENEWAL
10146125170102120250705084532,RENEWAL
10095146390113320250703044530,RENEWAL
10146124510056320250616085750,RENEWAL
10146124510057420250616112116,RENEWAL
10146125120007920250616114535,RENEWAL
10146124510050520250614064008,RENEWAL
10146124510049820250613125115,RENEWAL
10109105490043720250607091147,RENEWAL
10138139110012620250605072747,RENEWAL
10146124510026220250605085718,RENEWAL
10124137440019120250605060415,RENEWAL
27817295185417,RENEWAL
10147147420011820250604080239,RENEWAL
10062108270052720250604052713,RENEWAL
10098106560030020250603064340,RENEWAL
10066121580011320250603141249,RENEWAL
10138139110007320250603120006,RENEWAL
10091103090011020250602112839,RENEWAL
10055106400021120250602122447,RENEWAL
10124137440012920250602135255,RENEWAL
25906850370627,RENEWAL
10091109280013220250531090943,RENEWAL
10091109280012320250531074505,RENEWAL
10091109280012220250531073819,RENEWAL
10091109280012020250531072209,RENEWAL
10098151360016720250531143533,RENEWAL
10091109910013920250531100214,RENEWAL
10091103090002820250530104249,RENEWAL
10064101520015520250531134151,RENEWAL
10064142980017920250531105132,RENEWAL
10064101750006920250529085312,RENEWAL
10091109280010920250530145023,RENEWAL
10091109280010320250530140320,RENEWAL
10091106000006520250530071850,RENEWAL
32735269205461,RENEWAL
37029314625749,RENEWAL
10091105650011720250530070454,RENEWAL
10091109210006320250530060112,RENEWAL
10091109210005120250529102932,RENEWAL
10091109210002920250528124237,RENEWAL
10091109210002820250528123041,RENEWAL
10091109210002720250528122013,RENEWAL
10091109210001620250528093051,RENEWAL
10057148050004520250529093140,RENEWAL
10091109280007120250529140435,RENEWAL
10091109280006720250529133729,RENEWAL
10091109280005420250529103759,RENEWAL
10091109280002220250528122324,RENEWAL
10091106770003720250528122911,RENEWAL
10091106770007120250529125120,RENEWAL
20764739260264,RENEWAL
10091105900001320250527092620,RENEWAL
10091106640000520250527084902,RENEWAL
10149133040007320250528072255,RENEWAL
10091104420001520250527092151,RENEWAL
10152100570053820250527130533,NEW
10037128900000720250526101651,RENEWAL
10097102490011720250523090827,RENEWAL